feature_0,feature_1,PERF
0.892998079065204,0.13451746284828886,3451.0
0.8713270400097971,0.1463705533392006,3138.0
0.8710213718943689,0.15260954215935915,3314.0
0.8479305481353084,0.16568146315335663,3398.0
0.8602385664169933,0.1345174628482869,3269.0
0.8365429554927899,0.14637055333919852,3333.0
0.19441252933326658,0.8370683199108947,5231.0
0.179626201712786,0.8607371610098192,5289.0
0.17857263786031016,0.8815782050958538,5235.0
0.16471726709341517,0.9025414014902136,5304.0
0.17255990300032215,0.8370683199108905,5241.0
0.15906701712310145,0.8607371610098163,5338.0
0.9232715546077194,0.1471985745782932,3269.0
0.9040848947272947,0.15991214441862872,3139.0
0.8937218012323521,0.1730667364394364,3264.0
0.8721023271831964,0.18744796625869384,3153.0
0.8938603602167962,0.14719857457829114,3161.0
0.8722507966051309,0.1599121444186265,3512.0
0.2182261432264808,0.8732151059669124,5228.0
0.20210345121241835,0.8947600209057837,5328.0
0.19457335959651,0.9047141146693499,5220.0
0.17977775467451623,0.9238461021728472,5310.0
0.19437938462283597,0.8729524461959646,5309.0
0.17959496934788968,0.8945150185041364,5328.0
0.9388794119474482,0.15770519674736455,14638.0
0.9555721946776411,0.13870124345555754,14761.0
0.9629527846712934,0.12979355794874578,14562.0
0.9757505212166615,0.11319959205547227,14786.0
0.962961990682517,0.15770139521559842,14580.0
0.9757579989896339,0.13869775437597784,14905.0
0.11370905748018482,0.9930889141494893,4714.0
0.1303537857212222,0.9855935264315262,4881.0
0.1392763271875004,0.9808333571639375,4768.0
0.15833171898618553,0.9692846154935006,4879.0
0.13928934349926228,0.9930888229872319,4787.0
0.15834589814152233,0.9855933947981276,4903.0
0.9990017378443546,0.29813338819635327,3182.0
0.9999742320222212,0.3191348361350386,3232.0
0.9998013679579373,0.32379959905594496,3299.0
0.9974511005844937,0.34589205799493716,3428.0
0.9999698128258534,0.32958700321053025,3268.0
0.9982403632666924,0.35191354025734084,3412.0
0.9973562751372389,0.3581126822012982,3089.0
0.9923434630062051,0.38152945051532833,3605.0
0.9994554441964731,0.29789133241623006,3271.0
0.9952975009665465,0.32378930171227693,3341.0
0.9964408021415166,0.3188820772917191,3053.0
0.989081155085195,0.34588134026991973,3429.0
0.3983014335617508,0.9966087086640877,5194.0
0.37431229844977365,0.9995203727702213,5350.0
0.36895581046661347,0.9998492188566784,5463.0
0.3459895124557489,0.9994068146722381,5468.0
0.3732912815791042,0.9998161647136988,5231.0
0.3445279644674624,0.99646449862043,5432.0
0.35016759180243934,0.9974686672282,5308.0
0.32248911626834276,0.9907193481893469,5515.0
0.36262613494673324,0.996608708664087,5263.0
0.3398935293018106,0.9995203727702211,5316.0
0.33483089395001875,0.9998505375272957,5435.0
0.31317936857907064,0.9994041765828733,5494.0
0.43123223012259054,0.9897644546110016,5207.0
0.3994273967623208,0.9968574404420104,5365.0
0.4062146393426551,0.9957465199943025,5295.0
0.37540100658608183,0.9996116195310722,5486.0
0.40450677186868916,0.9990378007475039,5256.0
0.3746085188957574,0.9997704324610069,5449.0
0.38031415267298546,0.9999696780142752,5328.0
0.3514374398645491,0.9973052052046059,5510.0
0.393980257733356,0.9897644546110004,5235.0
0.37013546654426693,0.9957465199943019,5387.0
0.36369551665484084,0.99685744044201,5421.0
0.3409231039966728,0.999611619531072,5502.0
0.9935498604089212,0.27403487139495253,3249.0
0.998883355364858,0.29870348417218057,3065.0
0.9981106826763491,0.2939323089411974,3177.0
0.999989345704401,0.31973010950123604,3235.0
0.9983171731516918,0.3039699180530053,3263.0
0.9999814496985616,0.32522708969699915,3143.0
0.9999811046594852,0.3310337001471205,3085.0
0.9983346715524739,0.35341806875215653,3058.0
0.9993708054780981,0.2740348713949492,3216.0
0.9995364888312862,0.2987034841721776,3336.0
0.9998664872393452,0.29393230894119443,3347.0
0.996651460612092,0.3197301095012336,3517.0
0.43778698961560303,0.9996834646885369,5216.0
0.4061731845087345,0.9980028788187594,5361.0
0.4125798804059873,0.9996460634139475,5356.0
0.3819266843779841,0.9933514893071457,5462.0
0.40014872581092253,0.9970968185859124,5233.0
0.3760985463023132,0.991764707775955,5343.0
0.3593014688345402,0.9899813715211248,5390.0
0.33669346646043535,0.9812362255014548,5548.0
0.40017348605509406,0.999999011930039,5274.0
0.3701068301358943,0.9980028788187598,5419.0
0.37612249103150164,0.9987257164247407,5314.0
0.3470985343260239,0.9933514893071465,5508.0
0.994787025240056,0.3209119685461518,2986.0
0.9987486280080662,0.342885999430311,3155.0
0.9980957137134968,0.34855789672904186,3171.0
0.9999522303857297,0.37162121513989665,3325.0
0.9988219600706063,0.365078935374556,3157.0
0.9999944206550442,0.3887459774360274,2960.0
0.9998704140543938,0.39486951360609013,3154.0
0.9977155329730573,0.4195363691013517,3424.0
0.9988219987956924,0.3209119685461481,3195.0
0.9998679389128178,0.34856866344990517,3258.0
0.9999944180023188,0.3428859994303078,3155.0
0.9977052522619576,0.37163238677730936,3457.0
0.9815847719620872,0.29474648249244856,3165.0
0.9902358201128109,0.31559746258848786,3106.0
0.9919714330568944,0.3210009097448594,3161.0
0.9972188152578171,0.3429786045693627,3303.0
0.9935671080910502,0.3365954113501521,3178.0
0.998828323903083,0.36506117647890757,3127.0
0.9981199907587788,0.35919957470062047,3185.0
0.999993975653314,0.38872758847203115,3167.0
0.9935409367997478,0.2947561835259837,3532.0
0.9981058627120519,0.31560759678269007,3238.0
0.9988208582895627,0.3210326283487651,3358.0
0.9999944958464192,0.3430116295736567,3230.0
0.47002881910727745,0.9959327574239797,5186.0
0.43756044166062263,0.9999987235672703,5354.0
0.44396393767699527,0.9992446104453948,5342.0
0.4123597979392122,0.9987354370118966,5499.0
0.41942169043127026,0.9999357736803105,5230.0
0.388545130717681,0.9971115236216108,5465.0
0.3947583534349319,0.9979978509285983,5314.0
0.3648849724719666,0.9917895298743423,5457.0
0.43118398451917095,0.9978186382314426,5241.0
0.4061678074707823,0.9998942248336588,5339.0
0.40004010702089177,0.9999984683130241,5420.0
0.37599350587422786,0.9987431296940787,5467.0
0.6496176686829788,0.031416016809658116,14685.0
0.6925411332750168,0.02461987252263111,16342.0
0.6840431296291695,0.025870239310460647,14744.0
0.7259667478599813,0.020081789628146312,16479.0
0.700972635807457,0.02341408913690389,14594.0
0.7341551178081668,0.01906098183103673,14694.0
0.7422934141651929,0.018083523860421485,16351.0
0.7740449782034493,0.01457460224681269,16440.0
0.7009783178606244,0.03141629232364421,14785.0
0.7422849690381939,0.024617456448179312,16399.0
0.7341606306346943,0.025870475072333612,14656.0
0.7740368681385302,0.020079742180356696,16448.0
0.6058648911545877,0.03964508065543443,14653.0
0.6409242411642211,0.03294644690065698,14852.0
0.6496356183690072,0.03142205815116484,16427.0
0.6840607414184355,0.025875409005331824,16446.0
0.6583185317901799,0.029953475441101073,14627.0
0.6925725037856555,0.024619906080570787,14710.0
0.7009678218259684,0.02341516050773926,16401.0
0.734150447194129,0.019061887937356768,16531.0
0.6582712934470685,0.03964541192649606,14667.0
0.7009972650294393,0.03141911900439254,16392.0
0.6925262383509277,0.03294673305634126,14727.0
0.73417901345377,0.02587289391458255,16442.0
0.0146827158044811,0.8322423684607267,4705.0
0.01821264557977203,0.8034318771116018,4894.0
0.01919488302083439,0.7959766390226707,4951.0
0.023572391532294266,0.7652027652647396,5045.0
0.020223623610746384,0.7884191010514198,4759.0
0.026044355766711144,0.7492937586240292,4920.0
0.024787219735293187,0.7572917949647218,4915.0
0.03161946488229403,0.7166048149976985,5048.0
0.020222270201282158,0.8322423684607311,4668.0
0.02478562308563615,0.8034318771116064,4897.0
0.02604633115735528,0.795978468102954,4957.0
0.03162177274431056,0.7652046820609614,5091.0
0.01919108356089675,0.7959472593350563,4669.0
0.024780895044024434,0.7572877047303079,4898.0
0.023567900267275482,0.7651719767820264,4907.0
0.030141945530687726,0.7248832891361894,5044.0
0.026040040507053327,0.7492963474254777,4698.0
0.03315122165337995,0.708241397816074,4943.0
0.03161442331220666,0.7166074932175435,4913.0
0.03988211144516495,0.674344280762057,5090.0
0.026043753845295392,0.7959472593350608,4792.0
0.031618761652158184,0.7651719767820305,4880.0
0.03314671665577606,0.7572886959448173,4953.0
0.03987689744149278,0.7248843166851655,5062.0
